{"phosp": {"U": -1.4093, "C": -1.4093, "A": -1.4093, "G": -1.4093}, "sugar": {"U": 0.35150000000000003, "C": 0.31120000000000003, "A": 0.3418, "G": 0.3214}, "nbase": {"U": -0.13379999999999992, "C": -0.09349999999999983, "A": -0.12409999999999997, "G": -0.10369999999999985}}