{"phosp": {"DT": -1.4049, "DC": -1.4049, "DA": -1.4049, "DG": -1.4049}, "sugar": {"DT": 0.38780000000000003, "DC": 0.3241, "DA": 0.3663, "DG": 0.3498}, "nbase": {"DT": -0.1268, "DC": -0.06309999999999999, "DA": -0.10530000000000002, "DG": -0.08880000000000002}}